{
  "singes0.jpg": "L'orang-outan, joyau des forêts tropicales, se distingue par son intelligence exceptionnelle et sa capacité à construire des nids complexes dans les arbres chaque nuit pour se reposer. Une espèce menacée, il nécessite notre engagement pour protéger son habitat fragile.",
  "singes1.jpg": "Le singe écureuil, ou saïmiri, est une petite merveille d'Amérique du Sud. Avec son pelage coloré et sa queue préhensile, il se démarque parmi les primates. Ces petits singes sociaux vivent en groupes dynamiques, utilisant agilité et communication pour naviguer dans la canopée des forêts tropicales d'Amérique centrale et du Sud.",
  "singes2.jpg": "Le chimpanzé, notre plus proche parent parmi les primates, est une créature fascinante. Doté d'une intelligence remarquable, il utilise des outils, communique à travers un large éventail de vocalisations et partage des liens sociaux complexes. Ces primates vivent en groupes sociaux étendus dans les forêts d'Afrique, et leur comportement réfléchi et émotionnel rappelle souvent celui des humains.",
  "singes3.jpg": "Le babouin hamadryas, avec son pelage argenté et son visage expressif, peuple les régions arides d'Afrique et de la péninsule arabique. Ces singes sociaux forment des troupes organisées, avec des mâles dominant plusieurs femelles. Le babouin hamadryas est connu pour son habillement social et ses interactions complexes, faisant de lui une espèce captivante à observer.",
  "singes4.jpg": "Le macaque de Barbarie, également connu sous le nom de macaque berbère, évolue dans les régions du Maghreb en Afrique du Nord. Ces singes sont caractérisés par leur pelage brun-gris et leurs visages expressifs. Ils vivent en groupes sociaux bien organisés, démontrant des comportements complexes tels que le toilettage mutuel et la communication variée. Le macaque de Barbarie représente une espèce emblématique de la diversité de la vie sauvage en Afrique du Nord.",
  "singes5.jpg": "Le gibbon, avec ses longs bras et son chant mélodieux, est un singe caractéristique des forêts d'Asie du Sud-Est. Ces primates arboricoles se déplacent habilement dans les arbres grâce à leurs bras puissants et leurs pouces opposables. Les gibbons sont connus pour leurs duos vocaux, utilisés pour marquer leur territoire et renforcer les liens avec leur partenaire. Leur agilité, leur élégance et leur chant en font des créatures captivantes à observer dans leur environnement naturel.",
  "singes6.jpg": "Le mandrill est une espèce de singe appartenant à la famille des cercopithécidés. Reconnaissable par son museau coloré et son pelage brillant, le mandrill est le plus grand des singes de la famille des babouins. Vivant dans les forêts d'Afrique centrale, il est connu pour sa socialisation complexe et ses caractéristiques physiques distinctives. Les mâles arborent des couleurs vives sur leur visage, utilisées pour communiquer avec d'autres mandrills et exprimer leur statut social.",
  "singes7.jpg": "Le tamarin, avec son pelage coloré et ses yeux vifs, est un petit singe du Nouveau Monde qui habite les forêts tropicales d'Amérique centrale et d'Amérique du Sud. Agile et social, il se déplace rapidement à travers les arbres en quête de fruits, d'insectes et de petits animaux. Reconnaissable par sa queue longue et fine, le tamarin est une créature charmante qui captive les amateurs de primates.",
  "singes8.jpg": "Le singe vervet, également appelé singe vert africain, se distingue par son pelage principalement gris-vert, ses fesses colorées d'un bleu vif et son visage noir. Ces petits singes sociaux sont connus pour leurs expressions faciales variées et leur agilité. Vivant en groupes, les vervets communiquent entre eux par des vocalisations distinctes et sont capables de reconnaître différents cris pour signaler les prédateurs ou les menaces. Ces primates curieux et vifs sont présents dans de nombreuses régions d'Afrique, où ils jouent un rôle essentiel dans l'écosystème en tant que pollinisateurs et disséminateurs de graines.",
  "singes9.jpg": "Le singe-araignée, aussi appelé atèle, se caractérise par ses membres longs et minces, sa queue préhensile et son museau sans queue. Avec une agilité remarquable, ces singes passent la plupart de leur temps dans les arbres, utilisant leur queue pour se balancer d'une branche à l'autre. Les atèles sont connus pour leur intelligence, leur capacité à utiliser des outils simples, et leur comportement social complexe. Leur pelage varie en couleur, allant du noir au brun ou au doré, selon les espèces. Ces singes habitent les forêts tropicales d'Amérique centrale et du Sud, contribuant à l'équilibre écologique en tant que pollinisateurs et acteurs de la dispersion des graines.",
  "singes10.jpg": "Le dos argenté, aussi connu sous le nom de langur à dos argenté, fascine par sa fourrure grise chatoyante dans les jungles d'Asie. En sociétés familiales, ces primates dévoilent une organisation hiérarchique, dirigée par un mâle dominant. Grâce à leur régime alimentaire diversifié, les dos argentés jouent un rôle essentiel dans la dispersion des graines, contribuant ainsi à l'équilibre de l'écosystème. Leurs vocalisations subtiles et leurs interactions sociales ajoutent une symphonie naturelle à leur habitat.",
  "singes11.jpg": "Le ouistiti pygmée, parfois appelé \"singe-mignon\" en raison de sa petite taille adorable, est originaire d'Amérique du Sud. Malgré sa petite stature, ce primate est une boule d'énergie aux activités vives. Vivant en groupes familiaux unis, le ouistiti pygmée communique avec des vocalisations distinctes et se nourrit principalement de fruits et d'insectes. Ces petits singes dégagent une énergie ludique qui les rend aussi fascinants qu'attachants, ajoutant une touche d'animation aux canopées de la forêt tropicale."
}
